y,x,cid
2.984585232140638,-0.7163909497010879,0
3.981437459989504,-0.7163909497010879,0
3.8762272496831836,-0.7163909497010879,0
1.788724795486589,-0.7163909497010879,0
2.0065584793967144,-0.7163909497010879,0
3.979911747292448,-0.7163909497010879,0
1.3185773243435477,-0.7163909497010879,0
2.7732437697447843,-0.7163909497010879,0
1.8799153391545655,-0.7163909497010879,0
1.672450963821479,-0.7163909497010879,0
2.453206623355795,-0.7163909497010879,0
3.527713745441412,-0.7163909497010879,0
2.4261998828072544,-0.7163909497010879,0
2.2547512853902667,-0.7163909497010879,0
1.5058177720518522,-0.7163909497010879,0
1.9195192438398692,-0.7163909497010879,0
2.351218703562859,-0.7163909497010879,0
2.2246421932500207,-0.7163909497010879,0
4.215803007644082,-0.7163909497010879,0
1.9524096411913723,-0.7163909497010879,0
3.5191424008066248,-0.7163909497010879,0
1.2714395272254788,-0.7163909497010879,0
2.0281285366003345,-0.7163909497010879,0
0.6058976878242917,-0.7163909497010879,0
2.69749397035793,-0.7163909497010879,0
0.7782526045929756,-0.5209127703989876,1
3.1289411897981676,-0.5209127703989876,1
1.1926699270324228,-0.5209127703989876,1
2.718169406413173,-0.5209127703989876,1
2.909076690108291,-0.5209127703989876,1
1.2436346934400522,-0.5209127703989876,1
0.7736198357652813,-0.5209127703989876,1
1.3709890001972593,-0.5209127703989876,1
1.6134224617386927,-0.5209127703989876,1
2.050692617452235,-0.5209127703989876,1
3.2687693749107236,-0.5209127703989876,1
2.350543658642497,-0.5209127703989876,1
1.2115118279543275,-0.5209127703989876,1
0.43812046303755015,-0.5209127703989876,1
1.8146186906247406,-0.5209127703989876,1
0.777072559599298,-0.5209127703989876,1
1.9467219877001936,-0.5209127703989876,1
1.3241144599713979,-0.5209127703989876,1
1.0661105948194263,-0.5209127703989876,1
2.4158728686998505,-0.5209127703989876,1
2.595557910617228,-0.5209127703989876,1
1.2537451246082,-0.5209127703989876,1
0.8118980919481669,-0.5209127703989876,1
3.0196610384262375,-0.5209127703989876,1
2.0259768432484706,-0.5209127703989876,1
2.0479620026402445,-0.9379965084402172,2
0.2666844236530995,-0.9379965084402172,2
0.6411069110824312,-0.9379965084402172,2
1.6354063010656748,-0.9379965084402172,2
3.1798388067850842,-0.9379965084402172,2
1.3860942879540699,-0.9379965084402172,2
1.5884312790873902,-0.9379965084402172,2
-0.16362468873904734,-0.9379965084402172,2
1.2449935966731214,-0.9379965084402172,2
0.9202477582007023,-0.9379965084402172,2
-0.10687468424263558,-0.9379965084402172,2
1.9800873611955878,-0.9379965084402172,2
1.3057897578340278,-0.9379965084402172,2
1.7310642156999076,-0.9379965084402172,2
-0.007804795042269275,-0.9379965084402172,2
1.4627952549381247,-0.9379965084402172,2
0.43427123368502096,-0.9379965084402172,2
2.399676737672241,-0.9379965084402172,2
-0.017299212937130104,-0.9379965084402172,2
0.725161943506432,-0.9379965084402172,2
0.8918896300246499,-0.9379965084402172,2
-0.15627743954801265,-0.9379965084402172,2
0.9193780392187433,-0.9379965084402172,2
1.4361097834560241,-0.9379965084402172,2
1.7724026068484793,-0.9379965084402172,2
0.010050208346672918,0.38584577800878705,3
0.8285436967464448,0.38584577800878705,3
0.5491700202027708,0.38584577800878705,3
1.7377278581741376,0.38584577800878705,3
1.2081932998881786,0.38584577800878705,3
-0.28468524170888054,0.38584577800878705,3
-0.6073117993229926,0.38584577800878705,3
1.2388654885815495,0.38584577800878705,3
1.5791090311841711,0.38584577800878705,3
1.081896836241169,0.38584577800878705,3
0.8776294334643846,0.38584577800878705,3
2.3979922010559442,0.38584577800878705,3
1.680198184217831,0.38584577800878705,3
-0.1635898092367094,0.38584577800878705,3
-0.5421246952685821,0.38584577800878705,3
-0.6520515742156627,0.38584577800878705,3
0.8896298746308567,0.38584577800878705,3
0.2472039994848802,0.38584577800878705,3
-0.07414137942062093,0.38584577800878705,3
0.5152405149113162,0.38584577800878705,3
-0.7171418911296192,0.38584577800878705,3
-0.6040216478233074,0.38584577800878705,3
1.6079555757838158,0.38584577800878705,3
1.545655910043005,0.38584577800878705,3
1.2476691478106239,0.38584577800878705,3
-0.8482252927676706,0.6392062554763116,4
1.8411915311086569,0.6392062554763116,4
-1.1632318279555611,0.6392062554763116,4
-0.6003753406287915,0.6392062554763116,4
0.34246977669844525,0.6392062554763116,4
-0.37791235641212917,0.6392062554763116,4
0.23908541342658107,0.6392062554763116,4
-0.052492056186632996,0.6392062554763116,4
-0.7441563698400837,0.6392062554763116,4
1.6607929552143692,0.6392062554763116,4
-0.15875156892813913,0.6392062554763116,4
1.9687666656549974,0.6392062554763116,4
1.224677696742609,0.6392062554763116,4
1.793249794672766,0.6392062554763116,4
0.06329659890991535,0.6392062554763116,4
0.6006897273115156,0.6392062554763116,4
2.230421763250429,0.6392062554763116,4
-0.7985044347409089,0.6392062554763116,4
-0.6826617226487508,0.6392062554763116,4
2.2718567169521955,0.6392062554763116,4
2.29878580227488,0.6392062554763116,4
-0.1864339999468958,0.6392062554763116,4
2.415695468920384,0.6392062554763116,4
0.16954451330538667,0.6392062554763116,4
0.2507480430978861,0.6392062554763116,4
-1.1742266799820675,0.877318207143996,5
-2.8092775900267544,0.877318207143996,5
-1.584890965509853,0.877318207143996,5
-1.696741016909063,0.877318207143996,5
-1.247897562449819,0.877318207143996,5
-3.112959199271479,0.877318207143996,5
-2.7197574239450626,0.877318207143996,5
-1.3138735081807722,0.877318207143996,5
-2.3985538720757016,0.877318207143996,5
-1.213423104423216,0.877318207143996,5
-0.5224900288131307,0.877318207143996,5
-1.4710366309310308,0.877318207143996,5
-2.0269336226197154,0.877318207143996,5
-2.884843187421094,0.877318207143996,5
-2.5695977112897195,0.877318207143996,5
-1.5960733745879767,0.877318207143996,5
-2.2100715491838216,0.877318207143996,5
-1.559047240639026,0.877318207143996,5
-2.8988127055172184,0.877318207143996,5
-1.5314166338506212,0.877318207143996,5
-0.7861578259379952,0.877318207143996,5
-1.4531907501812351,0.877318207143996,5
-2.0693169886255616,0.877318207143996,5
-1.4111998743049698,0.877318207143996,5
-2.1598334876494123,0.877318207143996,5
1.5693924032492212,-1.1123176131652146,6
1.4042086184059583,-1.1123176131652146,6
1.5028542225307653,-1.1123176131652146,6
0.41451689286621574,-1.1123176131652146,6
-0.10285769736757766,-1.1123176131652146,6
0.8436213945732556,-1.1123176131652146,6
0.883201877765123,-1.1123176131652146,6
1.2145240169845928,-1.1123176131652146,6
0.6932392215861035,-1.1123176131652146,6
3.0258306515680045,-1.1123176131652146,6
1.4962341263128336,-1.1123176131652146,6
1.7487374078102298,-1.1123176131652146,6
1.066675227653306,-1.1123176131652146,6
2.0558687004055525,-1.1123176131652146,6
0.4497992848491638,-1.1123176131652146,6
2.199499246047498,-1.1123176131652146,6
3.23462260133193,-1.1123176131652146,6
0.8018022594041836,-1.1123176131652146,6
0.8992664503377868,-1.1123176131652146,6
0.5781328923762425,-1.1123176131652146,6
1.9558052010155997,-1.1123176131652146,6
0.3668948022759617,-1.1123176131652146,6
1.6275244694810107,-1.1123176131652146,6
0.15765031393547801,-1.1123176131652146,6
1.9587730820906688,-1.1123176131652146,6
-0.8169831813054872,-0.09975257719900103,7
1.6504959115469076,-0.09975257719900103,7
1.1727368751175642,-0.09975257719900103,7
0.19413046894287161,-0.09975257719900103,7
0.2693043953841815,-0.09975257719900103,7
1.4768411505165542,-0.09975257719900103,7
0.270939964001342,-0.09975257719900103,7
0.4947706583889476,-0.09975257719900103,7
-0.20503071374092852,-0.09975257719900103,7
3.10697499286424,-0.09975257719900103,7
1.5443392782955638,-0.09975257719900103,7
-0.5777009965388525,-0.09975257719900103,7
-0.3224794171230113,-0.09975257719900103,7
0.2093821105806281,-0.09975257719900103,7
1.918972726508898,-0.09975257719900103,7
-0.6671915703444288,-0.09975257719900103,7
-1.0450531823776985,-0.09975257719900103,7
-0.5155984548651351,-0.09975257719900103,7
0.048636547241431016,-0.09975257719900103,7
0.006346974456386545,-0.09975257719900103,7
-0.2745069581243684,-0.09975257719900103,7
2.93374024198491,-0.09975257719900103,7
0.21078522859657153,-0.09975257719900103,7
-1.493781693002651,-0.09975257719900103,7
0.16936807517028254,-0.09975257719900103,7
-0.31375297153553094,-0.6269708771513897,8
1.7194551642220945,-0.6269708771513897,8
-0.6980678887835376,-0.6269708771513897,8
2.2601827289022474,-0.6269708771513897,8
0.1906523954762267,-0.6269708771513897,8
1.4539698395306728,-0.6269708771513897,8
2.586382901046926,-0.6269708771513897,8
2.1955432134362125,-0.6269708771513897,8
-0.4705427397406008,-0.6269708771513897,8
0.9198981366371373,-0.6269708771513897,8
0.14719286993191938,-0.6269708771513897,8
0.8705158449985732,-0.6269708771513897,8
0.0072526349174628635,-0.6269708771513897,8
1.7263479885873487,-0.6269708771513897,8
1.42538051500049,-0.6269708771513897,8
1.6903794244522967,-0.6269708771513897,8
-0.7689759573906902,-0.6269708771513897,8
1.608613910645452,-0.6269708771513897,8
1.2310290250974865,-0.6269708771513897,8
0.7888341724314196,-0.6269708771513897,8
0.36186263269581653,-0.6269708771513897,8
-0.19519215065609097,-0.6269708771513897,8
3.273536563064219,-0.6269708771513897,8
1.3956475156181947,-0.6269708771513897,8
0.20194234030209057,-0.6269708771513897,8
1.6859144625854572,2.2519256188969514,9
4.101054635769929,2.2519256188969514,9
2.4412032709909512,2.2519256188969514,9
0.8987936695452716,2.2519256188969514,9
3.0128515111406244,2.2519256188969514,9
1.4386228261574971,2.2519256188969514,9
1.9455824868120117,2.2519256188969514,9
2.7817610089718605,2.2519256188969514,9
0.5284012796610185,2.2519256188969514,9
2.8176017904006896,2.2519256188969514,9
1.2346012713787933,2.2519256188969514,9
1.5652959989875872,2.2519256188969514,9
1.6917703678126934,2.2519256188969514,9
2.0510828644477717,2.2519256188969514,9
2.3782218567112836,2.2519256188969514,9
2.2294234374797437,2.2519256188969514,9
2.36586553274761,2.2519256188969514,9
2.344896160583953,2.2519256188969514,9
2.548404310078948,2.2519256188969514,9
0.8359404612254395,2.2519256188969514,9
3.853771266998886,2.2519256188969514,9
1.2987590665985225,2.2519256188969514,9
1.8492733748202923,2.2519256188969514,9
2.89793376343251,2.2519256188969514,9
0.44594787719048035,2.2519256188969514,9
3.4735347724650274,1.2394567624470452,10
2.5317646324630254,1.2394567624470452,10
2.112799597477176,1.2394567624470452,10
2.418346376365795,1.2394567624470452,10
2.7426463301067536,1.2394567624470452,10
3.4053673211466875,1.2394567624470452,10
2.9417289283643733,1.2394567624470452,10
4.768936733041794,1.2394567624470452,10
0.9535886790893502,1.2394567624470452,10
3.360204907063329,1.2394567624470452,10
2.02511928080504,1.2394567624470452,10
3.5715071095025075,1.2394567624470452,10
1.6772375009668445,1.2394567624470452,10
3.9239133754056374,1.2394567624470452,10
4.198672919031744,1.2394567624470452,10
3.667962631327226,1.2394567624470452,10
3.420536589424207,1.2394567624470452,10
3.3859735803029776,1.2394567624470452,10
1.47528033291691,1.2394567624470452,10
3.331179334100252,1.2394567624470452,10
1.5238649230478332,1.2394567624470452,10
1.9491118855902785,1.2394567624470452,10
2.0063886865415284,1.2394567624470452,10
3.6037970388767935,1.2394567624470452,10
3.5725358872449515,1.2394567624470452,10
0.7188725274505522,-1.8267241509278842,11
-0.4714165225250687,-1.8267241509278842,11
0.5644226224861791,-1.8267241509278842,11
-0.6710830708887324,-1.8267241509278842,11
-0.846886671075091,-1.8267241509278842,11
0.8583712806520931,-1.8267241509278842,11
-0.006337494158932821,-1.8267241509278842,11
-1.1739575333451666,-1.8267241509278842,11
0.06673707384912139,-1.8267241509278842,11
-2.6057171119462605,-1.8267241509278842,11
-0.1557072973818735,-1.8267241509278842,11
1.5485542807059705,-1.8267241509278842,11
0.15137336265126747,-1.8267241509278842,11
1.376628867853011,-1.8267241509278842,11
-0.09217054890976682,-1.8267241509278842,11
-1.9777425354750053,-1.8267241509278842,11
-0.5544145323394869,-1.8267241509278842,11
0.06717516490314118,-1.8267241509278842,11
-1.0370266664217558,-1.8267241509278842,11
-0.0067652590385629124,-1.8267241509278842,11
-0.23762265322887394,-1.8267241509278842,11
0.9764914226951368,-1.8267241509278842,11
-0.28191811714682985,-1.8267241509278842,11
0.37256548215508034,-1.8267241509278842,11
0.03830036091068113,-1.8267241509278842,11
1.5600427852107912,1.3019571562178929,12
3.303237244974877,1.3019571562178929,12
1.2414540110801096,1.3019571562178929,12
1.187761419553337,1.3019571562178929,12
2.2317875833505196,1.3019571562178929,12
2.8019323982329927,1.3019571562178929,12
1.4482114071505754,1.3019571562178929,12
2.0104481508531813,1.3019571562178929,12
3.362670770980099,1.3019571562178929,12
1.3812431673381051,1.3019571562178929,12
1.9830423877230694,1.3019571562178929,12
3.615798003382475,1.3019571562178929,12
1.4520723676659644,1.3019571562178929,12
2.7988797489570647,1.3019571562178929,12
1.8049365613094719,1.3019571562178929,12
2.0936664785196557,1.3019571562178929,12
1.705778167817709,1.3019571562178929,12
0.7941978917113944,1.3019571562178929,12
1.7044338500320602,1.3019571562178929,12
1.4566143070665898,1.3019571562178929,12
1.846215007808317,1.3019571562178929,12
1.0051556815165155,1.3019571562178929,12
3.5914337218845676,1.3019571562178929,12
2.06637358314514,1.3019571562178929,12
3.280376808932548,1.3019571562178929,12
3.2094617102490006,1.0025970426317778,13
3.6909221812481996,1.0025970426317778,13
4.16771000819407,1.0025970426317778,13
4.193161082535025,1.0025970426317778,13
4.623608800395912,1.0025970426317778,13
3.034532205760952,1.0025970426317778,13
5.650461292842794,1.0025970426317778,13
1.0081365103508997,1.0025970426317778,13
4.953157289445795,1.0025970426317778,13
3.0029657387906754,1.0025970426317778,13
4.126091030819706,1.0025970426317778,13
2.956685096551859,1.0025970426317778,13
2.9336724739949265,1.0025970426317778,13
3.807335981664185,1.0025970426317778,13
4.736822880934945,1.0025970426317778,13
4.732066244742262,1.0025970426317778,13
3.2768627627162368,1.0025970426317778,13
3.9130516202450676,1.0025970426317778,13
2.610763702670784,1.0025970426317778,13
4.309442686770801,1.0025970426317778,13
3.140193026154527,1.0025970426317778,13
3.497567544357923,1.0025970426317778,13
3.1925835644944236,1.0025970426317778,13
2.159698152101834,1.0025970426317778,13
4.802493435952778,1.0025970426317778,13
0.7372350158622971,0.2776292012214296,14
0.8461864035852642,0.2776292012214296,14
0.7022648054387233,0.2776292012214296,14
0.1897322222982494,0.2776292012214296,14
0.2598484037345567,0.2776292012214296,14
-0.6765076510846878,0.2776292012214296,14
-0.026921324384516554,0.2776292012214296,14
-1.673937179715296,0.2776292012214296,14
1.1417844022154156,0.2776292012214296,14
-0.7173672582398553,0.2776292012214296,14
-0.996948724431033,0.2776292012214296,14
0.44926568113847176,0.2776292012214296,14
0.9036826177827315,0.2776292012214296,14
1.8288130705030365,0.2776292012214296,14
-0.26877986793457653,0.2776292012214296,14
1.329798662050936,0.2776292012214296,14
0.7562422975569019,0.2776292012214296,14
0.1828796483608666,0.2776292012214296,14
0.49413449622091654,0.2776292012214296,14
-0.021722591049305073,0.2776292012214296,14
0.16278737599472054,0.2776292012214296,14
1.57586200863808,0.2776292012214296,14
0.018845030271613272,0.2776292012214296,14
2.8516537516469214,0.2776292012214296,14
2.193147821743921,0.2776292012214296,14
2.028855295210756,1.1285395627327013,15
0.1663911205756532,1.1285395627327013,15
0.8141122898645456,1.1285395627327013,15
0.9534541726399935,1.1285395627327013,15
1.5752179840940637,1.1285395627327013,15
1.3209527300171382,1.1285395627327013,15
0.9547011879957417,1.1285395627327013,15
1.4824058390623158,1.1285395627327013,15
2.1717815083469705,1.1285395627327013,15
3.055723973773609,1.1285395627327013,15
2.074145552624535,1.1285395627327013,15
2.132394666839914,1.1285395627327013,15
2.7852042111875948,1.1285395627327013,15
1.0646988356886522,1.1285395627327013,15
1.7259764426950164,1.1285395627327013,15
1.7601738937011668,1.1285395627327013,15
0.42569855589762884,1.1285395627327013,15
1.579188362053043,1.1285395627327013,15
1.7123215428367913,1.1285395627327013,15
0.7693859995808157,1.1285395627327013,15
2.7363964347406764,1.1285395627327013,15
1.059554518561744,1.1285395627327013,15
1.3064946665768589,1.1285395627327013,15
1.8556609843283551,1.1285395627327013,15
0.7503987441864239,1.1285395627327013,15
0.777329283262862,1.185421477240801,16
3.224765009449435,1.185421477240801,16
-0.34770375641597817,1.185421477240801,16
2.046086710401277,1.185421477240801,16
1.70789430766058,1.185421477240801,16
2.8256932369310346,1.185421477240801,16
2.520538457274364,1.185421477240801,16
2.775798698069501,1.185421477240801,16
0.16621967935058035,1.185421477240801,16
0.40781231540329244,1.185421477240801,16
0.44915741022433664,1.185421477240801,16
2.914475453605668,1.185421477240801,16
1.487778954876907,1.185421477240801,16
2.0643642511485707,1.185421477240801,16
0.43774236120129184,1.185421477240801,16
3.7030891723424366,1.185421477240801,16
1.211619402603164,1.185421477240801,16
2.039943162678702,1.185421477240801,16
1.2604470534165775,1.185421477240801,16
0.4659312766942112,1.185421477240801,16
2.187015993260836,1.185421477240801,16
-0.31874782498178833,1.185421477240801,16
2.787711993355637,1.185421477240801,16
0.34120156988781125,1.185421477240801,16
0.48739959866474714,1.185421477240801,16
0.21699637808061867,0.005155143054114347,17
-0.2745213845090932,0.005155143054114347,17
-2.4499054687354755,0.005155143054114347,17
-0.408494549885777,0.005155143054114347,17
-0.6595311509851354,0.005155143054114347,17
0.08616226399052673,0.005155143054114347,17
0.5278181544634142,0.005155143054114347,17
1.4000744110363992,0.005155143054114347,17
-0.4051205147912311,0.005155143054114347,17
-1.2546932258603145,0.005155143054114347,17
-1.6702490167029762,0.005155143054114347,17
1.3481429146576702,0.005155143054114347,17
-0.9315496460520236,0.005155143054114347,17
-1.0731100415408612,0.005155143054114347,17
0.3877219056283876,0.005155143054114347,17
-0.5259379370573717,0.005155143054114347,17
0.5858977824858969,0.005155143054114347,17
-0.4708976630256857,0.005155143054114347,17
-0.8704345293710731,0.005155143054114347,17
-0.9401023511706543,0.005155143054114347,17
0.6212314411107294,0.005155143054114347,17
-0.08283341487206275,0.005155143054114347,17
-0.11656767353850905,0.005155143054114347,17
0.005341288078948958,0.005155143054114347,17
-1.1686195993668593,0.005155143054114347,17
2.5791039228470183,0.7112386281068188,18
3.5957550352319876,0.7112386281068188,18
0.1488965581178261,0.7112386281068188,18
2.5339340630144638,0.7112386281068188,18
-0.7030427750921491,0.7112386281068188,18
1.4303151457625907,0.7112386281068188,18
1.7512525248148467,0.7112386281068188,18
2.0771382407976375,0.7112386281068188,18
3.797021043035089,0.7112386281068188,18
2.2538273194905725,0.7112386281068188,18
2.059470491774363,0.7112386281068188,18
2.654982508011533,0.7112386281068188,18
2.435923053215445,0.7112386281068188,18
1.9334970172517683,0.7112386281068188,18
2.4675723934381097,0.7112386281068188,18
2.7860443213198995,0.7112386281068188,18
2.7182141322754467,0.7112386281068188,18
3.1295093134509147,0.7112386281068188,18
3.5667466445030342,0.7112386281068188,18
0.7631972891075512,0.7112386281068188,18
1.4517385044353448,0.7112386281068188,18
1.079838132114701,0.7112386281068188,18
0.2889296839634701,0.7112386281068188,18
5.034326674736295,0.7112386281068188,18
3.279167676060978,0.7112386281068188,18
-1.092013758434371,-0.4724569904666384,19
0.1172400556438723,-0.4724569904666384,19
0.44144673903659526,-0.4724569904666384,19
-1.4863771019075598,-0.4724569904666384,19
1.249532468474127,-0.4724569904666384,19
0.11819170264089274,-0.4724569904666384,19
0.9989340394110547,-0.4724569904666384,19
0.0892298421598241,-0.4724569904666384,19
-0.7674970995670857,-0.4724569904666384,19
-1.2192911413197765,-0.4724569904666384,19
0.7748074289627292,-0.4724569904666384,19
0.8894613586806649,-0.4724569904666384,19
0.36207534396840524,-0.4724569904666384,19
-2.453530253998854,-0.4724569904666384,19
-0.2107557445267701,-0.4724569904666384,19
-0.8207194193023806,-0.4724569904666384,19
-0.2911220431510788,-0.4724569904666384,19
-0.4153183649992522,-0.4724569904666384,19
1.1407545510313182,-0.4724569904666384,19
-1.5271024783372416,-0.4724569904666384,19
0.02580305317039111,-0.4724569904666384,19
-0.31124395150559747,-0.4724569904666384,19
-2.1029759971689597,-0.4724569904666384,19
-1.1231045151627597,-0.4724569904666384,19
-0.8288781018082554,-0.4724569904666384,19
2.1765044909159816,-0.1083354076488415,20
2.2604472639405193,-0.1083354076488415,20
3.5116515667149386,-0.1083354076488415,20
0.22897065967647823,-0.1083354076488415,20
2.4442230076580556,-0.1083354076488415,20
3.827361582026038,-0.1083354076488415,20
3.657670227776098,-0.1083354076488415,20
2.964608859094682,-0.1083354076488415,20
3.6636249449128213,-0.1083354076488415,20
2.400616587595077,-0.1083354076488415,20
4.1645827682021315,-0.1083354076488415,20
2.7299827435269237,-0.1083354076488415,20
1.9360222543073788,-0.1083354076488415,20
2.713632009042083,-0.1083354076488415,20
2.1897760847140715,-0.1083354076488415,20
3.0260823185446513,-0.1083354076488415,20
2.1738584245865322,-0.1083354076488415,20
2.4633491385251487,-0.1083354076488415,20
2.784450560249305,-0.1083354076488415,20
2.871673026664936,-0.1083354076488415,20
2.2925689620292093,-0.1083354076488415,20
3.98751078249747,-0.1083354076488415,20
3.1682538885966576,-0.1083354076488415,20
1.3151445776446948,-0.1083354076488415,20
3.2082156852114427,-0.1083354076488415,20
-0.6470685551366105,0.08406869602197733,21
0.6245182222461516,0.08406869602197733,21
-1.552227017367929,0.08406869602197733,21
-0.5244034028263858,0.08406869602197733,21
-2.687354031959875,0.08406869602197733,21
-0.9840469908086149,0.08406869602197733,21
0.07983156782183032,0.08406869602197733,21
-1.7463686141222825,0.08406869602197733,21
-1.081411339641483,0.08406869602197733,21
-1.2796404210822088,0.08406869602197733,21
0.8679439773831452,0.08406869602197733,21
-0.09567482449819703,0.08406869602197733,21
0.11874610035771693,0.08406869602197733,21
-2.258096736613938,0.08406869602197733,21
-0.588395137253346,0.08406869602197733,21
-0.6334794403439457,0.08406869602197733,21
-1.5522996308121249,0.08406869602197733,21
0.9515999387950711,0.08406869602197733,21
-2.0715221335058183,0.08406869602197733,21
-1.392769788386417,0.08406869602197733,21
-0.298026774641864,0.08406869602197733,21
-1.2903090932434989,0.08406869602197733,21
-0.1554714582289804,0.08406869602197733,21
1.018294519550709,0.08406869602197733,21
0.05853339201113361,0.08406869602197733,21
2.684587966654119,0.6840284727939139,22
2.7040505062568467,0.6840284727939139,22
2.5304392819908745,0.6840284727939139,22
-1.064102871413461,0.6840284727939139,22
2.222067302529168,0.6840284727939139,22
0.16359658676654543,0.6840284727939139,22
-0.04648729850314903,0.6840284727939139,22
1.3328781649372252,0.6840284727939139,22
1.4271981988031246,0.6840284727939139,22
1.5964770073767682,0.6840284727939139,22
0.4951739354995348,0.6840284727939139,22
1.2752011507991354,0.6840284727939139,22
0.8346256731613744,0.6840284727939139,22
1.1190720309031592,0.6840284727939139,22
1.2562064653565073,0.6840284727939139,22
2.3991619633120687,0.6840284727939139,22
0.2660544207068458,0.6840284727939139,22
1.6092707034929288,0.6840284727939139,22
1.2291828289434283,0.6840284727939139,22
2.2119496042723843,0.6840284727939139,22
2.194977156213904,0.6840284727939139,22
1.08180192774057,0.6840284727939139,22
0.7554016758553893,0.6840284727939139,22
1.7540130459169752,0.6840284727939139,22
2.5517179325398898,0.6840284727939139,22
1.502485421772614,-0.06584936265536086,23
3.2988277303202533,-0.06584936265536086,23
0.45811417859408127,-0.06584936265536086,23
-0.3051226307932353,-0.06584936265536086,23
2.000931615175963,-0.06584936265536086,23
1.5050599313055635,-0.06584936265536086,23
1.3172467330553825,-0.06584936265536086,23
-0.30876339766592387,-0.06584936265536086,23
0.5139563786171458,-0.06584936265536086,23
0.06245535809592473,-0.06584936265536086,23
-0.2906194722421407,-0.06584936265536086,23
0.3244860950128762,-0.06584936265536086,23
1.0641122688599312,-0.06584936265536086,23
0.05977045502905265,-0.06584936265536086,23
2.1051884429072407,-0.06584936265536086,23
-0.2315324429857324,-0.06584936265536086,23
1.7980998718449297,-0.06584936265536086,23
-0.3331668030023489,-0.06584936265536086,23
1.4847235170692117,-0.06584936265536086,23
2.256748296973716,-0.06584936265536086,23
1.3805494909305924,-0.06584936265536086,23
1.4012872965130887,-0.06584936265536086,23
1.6474104422031748,-0.06584936265536086,23
2.3687821314350748,-0.06584936265536086,23
1.198107584138764,-0.06584936265536086,23
1.132827721569369,0.010082166314337978,24
0.2662075164967135,0.010082166314337978,24
3.0837376171341235,0.010082166314337978,24
2.8213577285978504,0.010082166314337978,24
1.57901369243687,0.010082166314337978,24
2.2950397171274064,0.010082166314337978,24
2.0227483238461317,0.010082166314337978,24
1.3292416802534175,0.010082166314337978,24
1.176722158855961,0.010082166314337978,24
1.2889595166899117,0.010082166314337978,24
3.2328108304012177,0.010082166314337978,24
0.9633928717226168,0.010082166314337978,24
3.0311484410780576,0.010082166314337978,24
1.099894976252626,0.010082166314337978,24
0.34442114159383097,0.010082166314337978,24
1.7273219630833738,0.010082166314337978,24
1.8036513686493931,0.010082166314337978,24
1.8697611305945423,0.010082166314337978,24
1.9501728203199789,0.010082166314337978,24
0.5381965218415353,0.010082166314337978,24
1.963149061349008,0.010082166314337978,24
1.1491335388770894,0.010082166314337978,24
1.9471927913361329,0.010082166314337978,24
1.1065129384821697,0.010082166314337978,24
1.1215933939297487,0.010082166314337978,24
0.3736616454858477,0.42776015799059947,25
1.4486900818385913,0.42776015799059947,25
1.4075425523849803,0.42776015799059947,25
2.6255390245556773,0.42776015799059947,25
0.7307818592858619,0.42776015799059947,25
1.5173401174839174,0.42776015799059947,25
3.9917267832865546,0.42776015799059947,25
2.8440046020725642,0.42776015799059947,25
2.3616471523545153,0.42776015799059947,25
2.1132565366128526,0.42776015799059947,25
2.581729488657609,0.42776015799059947,25
2.5232667170324308,0.42776015799059947,25
2.7128420969285996,0.42776015799059947,25
1.8138470358625887,0.42776015799059947,25
0.8949779114730823,0.42776015799059947,25
2.605307366651834,0.42776015799059947,25
1.2262379952469773,0.42776015799059947,25
2.1279686533397997,0.42776015799059947,25
0.9433006651273835,0.42776015799059947,25
1.1413276194309154,0.42776015799059947,25
1.5458946383493801,0.42776015799059947,25
1.9457522541327892,0.42776015799059947,25
1.486291752850331,0.42776015799059947,25
2.0399277980983457,0.42776015799059947,25
3.100758072208314,0.42776015799059947,25
-1.867046053616615,-1.6075801732856378,26
-0.6403983078516051,-1.6075801732856378,26
0.008218484682211091,-1.6075801732856378,26
-1.0389386549504007,-1.6075801732856378,26
1.0051128554803568,-1.6075801732856378,26
-0.950394372149235,-1.6075801732856378,26
-0.7928760305467473,-1.6075801732856378,26
-0.741580506493834,-1.6075801732856378,26
-0.28339686975211154,-1.6075801732856378,26
-0.42571721271279483,-1.6075801732856378,26
0.7144458434000971,-1.6075801732856378,26
2.286785532212867,-1.6075801732856378,26
0.849823623982698,-1.6075801732856378,26
0.27807144575478626,-1.6075801732856378,26
-0.07943102472094887,-1.6075801732856378,26
1.4824447936879632,-1.6075801732856378,26
-0.8537630151877558,-1.6075801732856378,26
0.43497088900131675,-1.6075801732856378,26
-0.4553450648940591,-1.6075801732856378,26
-1.5621267475140377,-1.6075801732856378,26
-0.6260002042039686,-1.6075801732856378,26
-0.7417951382765962,-1.6075801732856378,26
-1.1322902259733256,-1.6075801732856378,26
-0.3522389845087432,-1.6075801732856378,26
-2.887148830513788,-1.6075801732856378,26
1.6181657252827597,0.3435557711445799,27
2.2995741229326496,0.3435557711445799,27
2.0239952198952786,0.3435557711445799,27
1.7544420457925538,0.3435557711445799,27
2.955028612086585,0.3435557711445799,27
-0.5581111059940134,0.3435557711445799,27
1.9317541588817537,0.3435557711445799,27
1.574815446007216,0.3435557711445799,27
1.9290825432182217,0.3435557711445799,27
1.2656190809795755,0.3435557711445799,27
1.790469468586314,0.3435557711445799,27
1.8885906246225113,0.3435557711445799,27
2.042356809728208,0.3435557711445799,27
2.6995405709851967,0.3435557711445799,27
2.053384771528655,0.3435557711445799,27
2.8618611301851375,0.3435557711445799,27
1.0434848735682478,0.3435557711445799,27
2.3825255636145677,0.3435557711445799,27
1.610387608647262,0.3435557711445799,27
2.392529356366947,0.3435557711445799,27
2.5900984068459083,0.3435557711445799,27
1.9380441104655675,0.3435557711445799,27
1.7013871693786153,0.3435557711445799,27
0.41868336959724894,0.3435557711445799,27
2.5001608018842143,0.3435557711445799,27
2.173830173569252,0.9907468037593912,28
0.35881437592052734,0.9907468037593912,28
1.557417121258137,0.9907468037593912,28
-0.28070548687838903,0.9907468037593912,28
2.5216196610309796,0.9907468037593912,28
1.5110823405809728,0.9907468037593912,28
-0.2219944647389639,0.9907468037593912,28
1.76275863696907,0.9907468037593912,28
-0.0859025761687322,0.9907468037593912,28
1.908924759619245,0.9907468037593912,28
0.18079280482856375,0.9907468037593912,28
0.8500846968292216,0.9907468037593912,28
1.3423256877224583,0.9907468037593912,28
-0.03666306280966625,0.9907468037593912,28
0.9622620901445684,0.9907468037593912,28
0.9365958342707169,0.9907468037593912,28
-0.6965637091406229,0.9907468037593912,28
0.27524744344168683,0.9907468037593912,28
1.0196774124234464,0.9907468037593912,28
1.1092023610874242,0.9907468037593912,28
0.971869063034217,0.9907468037593912,28
0.9989345451920221,0.9907468037593912,28
-0.00030407399553977754,0.9907468037593912,28
0.6777919159224295,0.9907468037593912,28
1.2876003825590958,0.9907468037593912,28
2.872387571392134,1.0847183712258037,29
0.8880488798113793,1.0847183712258037,29
2.6612277457926368,1.0847183712258037,29
3.0394268195168976,1.0847183712258037,29
1.8191225868592065,1.0847183712258037,29
3.2640098841988134,1.0847183712258037,29
2.4273786826891555,1.0847183712258037,29
3.2691830725407103,1.0847183712258037,29
3.159670578898986,1.0847183712258037,29
2.623326814515293,1.0847183712258037,29
3.09839041800588,1.0847183712258037,29
0.5928947454120437,1.0847183712258037,29
3.900299537649966,1.0847183712258037,29
1.9375479129508717,1.0847183712258037,29
3.0385042145114616,1.0847183712258037,29
2.1587780290901546,1.0847183712258037,29
1.3264009649740172,1.0847183712258037,29
1.5141037392001273,1.0847183712258037,29
2.1705400514046262,1.0847183712258037,29
2.186040979804495,1.0847183712258037,29
1.9135618809001251,1.0847183712258037,29
1.8840705943914648,1.0847183712258037,29
1.3864120645295719,1.0847183712258037,29
0.9711367753348501,1.0847183712258037,29
1.1777482426578696,1.0847183712258037,29
-0.2796155910592074,0.710655309518938,30
1.162320537223947,0.710655309518938,30
-1.0644877841388158,0.710655309518938,30
0.533683409301361,0.710655309518938,30
-0.7319671093143306,0.710655309518938,30
-0.5240153578826021,0.710655309518938,30
1.003270753603134,0.710655309518938,30
-1.1494344093176956,0.710655309518938,30
0.07903948710072395,0.710655309518938,30
-0.22524203175592833,0.710655309518938,30
-0.11508520073361106,0.710655309518938,30
-0.5477013519874588,0.710655309518938,30
-0.0872210078417747,0.710655309518938,30
-1.2249049135394254,0.710655309518938,30
-0.13547242143464971,0.710655309518938,30
-0.052945793564423166,0.710655309518938,30
-1.5224926364676834,0.710655309518938,30
-1.1456974921543561,0.710655309518938,30
-1.8592880676644234,0.710655309518938,30
0.8688819212114591,0.710655309518938,30
0.649629808001466,0.710655309518938,30
-1.6681467792858173,0.710655309518938,30
-0.7239128177160402,0.710655309518938,30
-0.6267726679092741,0.710655309518938,30
-1.3826528594940748,0.710655309518938,30
-2.790722554028082,-0.7389206275511693,31
0.8802797892883569,-0.7389206275511693,31
-0.7473615896942881,-0.7389206275511693,31
0.19504783578837515,-0.7389206275511693,31
-0.6621989468970757,-0.7389206275511693,31
-0.5040111820790203,-0.7389206275511693,31
0.5161814762565853,-0.7389206275511693,31
0.12025821317862379,-0.7389206275511693,31
-1.201477539034054,-0.7389206275511693,31
0.4488368885853594,-0.7389206275511693,31
-0.007405337035376144,-0.7389206275511693,31
0.23249873543064814,-0.7389206275511693,31
0.5999782291845303,-0.7389206275511693,31
0.0796943616238894,-0.7389206275511693,31
-2.247464326909684,-0.7389206275511693,31
-0.7981484303745195,-0.7389206275511693,31
-0.21954665011941077,-0.7389206275511693,31
0.3583543362252854,-0.7389206275511693,31
0.06468939405996632,-0.7389206275511693,31
-0.4700333895705289,-0.7389206275511693,31
-0.7067136210457556,-0.7389206275511693,31
-1.103812514174142,-0.7389206275511693,31
-0.5078276645277674,-0.7389206275511693,31
0.06523255422874663,-0.7389206275511693,31
0.4734635964451257,-0.7389206275511693,31
1.299147320525341,0.6766462775944694,32
0.9962442811272142,0.6766462775944694,32
1.1960236533525523,0.6766462775944694,32
-0.5393334520576563,0.6766462775944694,32
0.4910785474055609,0.6766462775944694,32
-0.211958465736092,0.6766462775944694,32
0.5457139165991909,0.6766462775944694,32
-0.5408574400324277,0.6766462775944694,32
0.03343291955060912,0.6766462775944694,32
1.5817117742296847,0.6766462775944694,32
0.7508039273083196,0.6766462775944694,32
3.5490131336976853,0.6766462775944694,32
1.1086973021881967,0.6766462775944694,32
2.7140560583610362,0.6766462775944694,32
2.6068068700270457,0.6766462775944694,32
-0.6093275381419896,0.6766462775944694,32
2.0577125504347733,0.6766462775944694,32
-0.022721982784182027,0.6766462775944694,32
0.016037640955801846,0.6766462775944694,32
0.9530418681138237,0.6766462775944694,32
1.132552405824168,0.6766462775944694,32
0.8997595689962495,0.6766462775944694,32
0.47324375721296985,0.6766462775944694,32
2.1745121721024026,0.6766462775944694,32
1.6177251529844034,0.6766462775944694,32
2.0549486289961876,1.0041355056326295,33
1.3939611746202294,1.0041355056326295,33
2.4975853545286397,1.0041355056326295,33
0.8841924510011641,1.0041355056326295,33
1.945792511191378,1.0041355056326295,33
1.8757580853414586,1.0041355056326295,33
3.0048965174187194,1.0041355056326295,33
2.1721772086776716,1.0041355056326295,33
2.4665064057388273,1.0041355056326295,33
0.947690050098362,1.0041355056326295,33
1.750459141903126,1.0041355056326295,33
2.5299458461700595,1.0041355056326295,33
1.790627009912564,1.0041355056326295,33
0.8120173876486669,1.0041355056326295,33
3.0689428689330027,1.0041355056326295,33
3.8539866752642515,1.0041355056326295,33
2.6703001172124714,1.0041355056326295,33
1.8495732364619952,1.0041355056326295,33
1.7034598488109283,1.0041355056326295,33
2.117648189011905,1.0041355056326295,33
3.91248095535798,1.0041355056326295,33
1.7240321371844656,1.0041355056326295,33
1.5334215792205024,1.0041355056326295,33
3.2822167272864777,1.0041355056326295,33
2.9816321863250193,1.0041355056326295,33
3.4276655834292757,0.578376890063077,34
0.31084966535260905,0.578376890063077,34
0.11922925759631209,0.578376890063077,34
0.7189080385666372,0.578376890063077,34
0.6135864570350054,0.578376890063077,34
1.3553171657528558,0.578376890063077,34
1.5328877415418605,0.578376890063077,34
-0.8412192663911965,0.578376890063077,34
1.0485053957056167,0.578376890063077,34
0.7136714256181864,0.578376890063077,34
1.178940402173672,0.578376890063077,34
1.4282983637431625,0.578376890063077,34
0.0016602951161118762,0.578376890063077,34
1.3615167192433812,0.578376890063077,34
0.4907252711886084,0.578376890063077,34
-0.9602376863814756,0.578376890063077,34
0.3298314866492475,0.578376890063077,34
-0.0487750170384178,0.578376890063077,34
1.430680566843006,0.578376890063077,34
1.7168425451617653,0.578376890063077,34
0.45035384424783226,0.578376890063077,34
1.2106204947662293,0.578376890063077,34
1.0113283462811564,0.578376890063077,34
2.749994090199169,0.578376890063077,34
1.3299253465097265,0.578376890063077,34
1.5989095797096278,-0.5423064709941637,35
-0.8770605071085106,-0.5423064709941637,35
1.8754699175633873,-0.5423064709941637,35
0.5653466474031682,-0.5423064709941637,35
0.11993331995896528,-0.5423064709941637,35
1.5124129201977823,-0.5423064709941637,35
-0.15734119741856678,-0.5423064709941637,35
-0.004763735468997221,-0.5423064709941637,35
0.4050028824726442,-0.5423064709941637,35
-0.8487160097786602,-0.5423064709941637,35
0.6068514658634792,-0.5423064709941637,35
-0.6548001745534534,-0.5423064709941637,35
0.30895397907090677,-0.5423064709941637,35
0.8642247235163771,-0.5423064709941637,35
0.022508056580169633,-0.5423064709941637,35
-0.3035855508792372,-0.5423064709941637,35
0.3251350475700284,-0.5423064709941637,35
-0.9435644552147598,-0.5423064709941637,35
0.5612202797568299,-0.5423064709941637,35
2.6091305598057035,-0.5423064709941637,35
-2.1733466607282153,-0.5423064709941637,35
0.715312231215988,-0.5423064709941637,35
0.7964130508046033,-0.5423064709941637,35
-0.502086943980853,-0.5423064709941637,35
1.0458336983043677,-0.5423064709941637,35
1.0396974002056867,0.4738106701863642,36
2.6296485036619264,0.4738106701863642,36
2.2669152617916377,0.4738106701863642,36
2.437938055263171,0.4738106701863642,36
1.5333119306107632,0.4738106701863642,36
3.580707197425961,0.4738106701863642,36
1.9802177383927608,0.4738106701863642,36
2.332583831470444,0.4738106701863642,36
3.2157965645512867,0.4738106701863642,36
2.655485506570205,0.4738106701863642,36
1.0738426685017428,0.4738106701863642,36
3.80868268998257,0.4738106701863642,36
1.3097292000821705,0.4738106701863642,36
1.861987395883576,0.4738106701863642,36
3.988579634482109,0.4738106701863642,36
1.0294249699342077,0.4738106701863642,36
3.8264290719450615,0.4738106701863642,36
1.5165916773779389,0.4738106701863642,36
2.0657669131662013,0.4738106701863642,36
2.2733139762254932,0.4738106701863642,36
2.609916778078294,0.4738106701863642,36
2.870463966697261,0.4738106701863642,36
1.3229030492904224,0.4738106701863642,36
1.7054774042670962,0.4738106701863642,36
1.9532213958266378,0.4738106701863642,36
1.6638544825086898,-0.6239588805279467,37
2.9027683639344373,-0.6239588805279467,37
1.443827284296028,-0.6239588805279467,37
1.9475347705154311,-0.6239588805279467,37
1.361351268634364,-0.6239588805279467,37
2.5773738588170167,-0.6239588805279467,37
-0.37202233422351627,-0.6239588805279467,37
-0.2088505335307267,-0.6239588805279467,37
2.650281809953247,-0.6239588805279467,37
2.5050906233759145,-0.6239588805279467,37
2.3080882935650613,-0.6239588805279467,37
2.0387701780405685,-0.6239588805279467,37
-1.0583975827070433,-0.6239588805279467,37
3.603596056258125,-0.6239588805279467,37
1.1195607633313964,-0.6239588805279467,37
0.8623282662982499,-0.6239588805279467,37
3.5520710073706923,-0.6239588805279467,37
1.6816781009283894,-0.6239588805279467,37
2.659460678099687,-0.6239588805279467,37
1.403142587281768,-0.6239588805279467,37
0.6039214821945067,-0.6239588805279467,37
0.041836065435595815,-0.6239588805279467,37
2.2380112274605004,-0.6239588805279467,37
3.5075097936432797,-0.6239588805279467,37
2.1320309625289324,-0.6239588805279467,37
2.751167562309775,-1.0245653003044488,38
0.9752717166474238,-1.0245653003044488,38
1.7566868357665983,-1.0245653003044488,38
0.8881135509144532,-1.0245653003044488,38
2.6757657542810347,-1.0245653003044488,38
2.482223899368397,-1.0245653003044488,38
1.0328379145204605,-1.0245653003044488,38
-0.21068773931304663,-1.0245653003044488,38
-1.8324000306037296,-1.0245653003044488,38
1.3549820483818942,-1.0245653003044488,38
0.32233194574688623,-1.0245653003044488,38
1.2496682051483663,-1.0245653003044488,38
1.3790584587300316,-1.0245653003044488,38
3.3441493246165783,-1.0245653003044488,38
-1.611883706832661,-1.0245653003044488,38
0.5760091174987076,-1.0245653003044488,38
0.964546400121506,-1.0245653003044488,38
1.3777396236677433,-1.0245653003044488,38
1.3037981320387064,-1.0245653003044488,38
-0.041341533246930795,-1.0245653003044488,38
-0.3739151511607547,-1.0245653003044488,38
-1.002472063569403,-1.0245653003044488,38
3.1258270456487094,-1.0245653003044488,38
0.26501737487060884,-1.0245653003044488,38
0.11531322678672351,-1.0245653003044488,38
0.8570245212265845,0.8736712956767407,39
2.2080894879257595,0.8736712956767407,39
1.5990132277010045,0.8736712956767407,39
0.35155957111027963,0.8736712956767407,39
-0.04258743362977169,0.8736712956767407,39
0.9123849852412127,0.8736712956767407,39
1.2506051616247478,0.8736712956767407,39
1.4711925937561274,0.8736712956767407,39
0.6747595575069393,0.8736712956767407,39
-0.7407820147783581,0.8736712956767407,39
0.1165689131322229,0.8736712956767407,39
0.19175217932578376,0.8736712956767407,39
2.0734938673171417,0.8736712956767407,39
1.758356052937027,0.8736712956767407,39
-0.6534394072462895,0.8736712956767407,39
1.2180239776176758,0.8736712956767407,39
2.513569539980981,0.8736712956767407,39
1.9631348024967257,0.8736712956767407,39
1.2028729035090868,0.8736712956767407,39
1.0391606694038675,0.8736712956767407,39
0.540405879809537,0.8736712956767407,39
1.1191434471378643,0.8736712956767407,39
0.4407069230462548,0.8736712956767407,39
1.2000845468440897,0.8736712956767407,39
-0.07505867172059821,0.8736712956767407,39
