n,design,lam,method,rate,mcse,lo,hi,R
100,A,0.0,OLS,0.0465,0.0047,0.0373,0.0557,2000
100,A,0.0,HC0,0.066,0.0056,0.0551,0.0769,2000
100,A,0.0,HC1,0.058,0.0052,0.0478,0.0682,2000
100,A,0.0,HC2,0.0565,0.0052,0.0464,0.0666,2000
100,A,0.0,HC3,0.0535,0.005,0.0436,0.0634,2000
100,A,0.0,WB,0.049,0.0048,0.0395,0.0585,2000
100,A,1.0,OLS,0.17,0.0084,0.1535,0.1865,2000
100,A,1.0,HC0,0.07,0.0057,0.0588,0.0812,2000
100,A,1.0,HC1,0.0665,0.0056,0.0556,0.0774,2000
100,A,1.0,HC2,0.064,0.0055,0.0533,0.0747,2000
100,A,1.0,HC3,0.0585,0.0052,0.0482,0.0688,2000
100,A,1.0,WB,0.0485,0.0048,0.0391,0.0579,2000
100,A,3.0,OLS,0.227,0.0094,0.2086,0.2454,2000
100,A,3.0,HC0,0.0735,0.0058,0.0621,0.0849,2000
100,A,3.0,HC1,0.0705,0.0057,0.0593,0.0817,2000
100,A,3.0,HC2,0.0675,0.0056,0.0565,0.0785,2000
100,A,3.0,HC3,0.061,0.0054,0.0505,0.0715,2000
100,A,3.0,WB,0.0485,0.0048,0.0391,0.0579,2000
100,B,0.0,OLS,0.044,0.0046,0.035,0.053,2000
100,B,0.0,HC0,0.11,0.007,0.0963,0.1237,2000
100,B,0.0,HC1,0.1055,0.0069,0.092,0.119,2000
100,B,0.0,HC2,0.0875,0.0063,0.0751,0.0999,2000
100,B,0.0,HC3,0.07,0.0057,0.0588,0.0812,2000
100,B,0.0,WB,0.044,0.0046,0.035,0.053,2000
100,B,1.0,OLS,0.571,0.0111,0.5493,0.5927,2000
100,B,1.0,HC0,0.2325,0.0094,0.214,0.251,2000
100,B,1.0,HC1,0.224,0.0093,0.2057,0.2423,2000
100,B,1.0,HC2,0.161,0.0082,0.1449,0.1771,2000
100,B,1.0,HC3,0.0945,0.0065,0.0817,0.1073,2000
100,B,1.0,WB,0.0605,0.0053,0.0501,0.0709,2000
100,B,3.0,OLS,0.608,0.0109,0.5866,0.6294,2000
100,B,3.0,HC0,0.233,0.0095,0.2145,0.2515,2000
100,B,3.0,HC1,0.2285,0.0094,0.2101,0.2469,2000
100,B,3.0,HC2,0.1635,0.0083,0.1473,0.1797,2000
100,B,3.0,HC3,0.0975,0.0066,0.0845,0.1105,2000
100,B,3.0,WB,0.062,0.0054,0.0514,0.0726,2000
100,C,0.0,OLS,0.046,0.0047,0.0368,0.0552,2000
100,C,0.0,HC0,0.087,0.0063,0.0746,0.0994,2000
100,C,0.0,HC1,0.084,0.0062,0.0718,0.0962,2000
100,C,0.0,HC2,0.074,0.0059,0.0625,0.0855,2000
100,C,0.0,HC3,0.0595,0.0053,0.0491,0.0699,2000
100,C,0.0,WB,0.0425,0.0045,0.0337,0.0513,2000
100,C,1.0,OLS,0.1285,0.0075,0.1138,0.1432,2000
100,C,1.0,HC0,0.0955,0.0066,0.0826,0.1084,2000
100,C,1.0,HC1,0.0905,0.0064,0.0779,0.1031,2000
100,C,1.0,HC2,0.081,0.0061,0.069,0.093,2000
100,C,1.0,HC3,0.066,0.0056,0.0551,0.0769,2000
100,C,1.0,WB,0.046,0.0047,0.0368,0.0552,2000
100,C,3.0,OLS,0.2315,0.0094,0.213,0.25,2000
100,C,3.0,HC0,0.1,0.0067,0.0869,0.1131,2000
100,C,3.0,HC1,0.0955,0.0066,0.0826,0.1084,2000
100,C,3.0,HC2,0.086,0.0063,0.0737,0.0983,2000
100,C,3.0,HC3,0.069,0.0057,0.0579,0.0801,2000
100,C,3.0,WB,0.05,0.0049,0.0404,0.0596,2000
25,A,0.0,OLS,0.053,0.005,0.0432,0.0628,2000
25,A,0.0,HC0,0.0915,0.0064,0.0789,0.1041,2000
25,A,0.0,HC1,0.0695,0.0057,0.0584,0.0806,2000
25,A,0.0,HC2,0.061,0.0054,0.0505,0.0715,2000
25,A,0.0,HC3,0.043,0.0045,0.0341,0.0519,2000
25,A,0.0,WB,0.0435,0.0046,0.0346,0.0524,2000
25,A,1.0,OLS,0.142,0.0078,0.1267,0.1573,2000
25,A,1.0,HC0,0.1195,0.0073,0.1053,0.1337,2000
25,A,1.0,HC1,0.096,0.0066,0.0831,0.1089,2000
25,A,1.0,HC2,0.083,0.0062,0.0709,0.0951,2000
25,A,1.0,HC3,0.056,0.0051,0.0459,0.0661,2000
25,A,1.0,WB,0.0435,0.0046,0.0346,0.0524,2000
25,A,3.0,OLS,0.1885,0.0087,0.1714,0.2056,2000
25,A,3.0,HC0,0.13,0.0075,0.1153,0.1447,2000
25,A,3.0,HC1,0.105,0.0069,0.0916,0.1184,2000
25,A,3.0,HC2,0.0865,0.0063,0.0742,0.0988,2000
25,A,3.0,HC3,0.06,0.0053,0.0496,0.0704,2000
25,A,3.0,WB,0.042,0.0045,0.0332,0.0508,2000
25,B,0.0,OLS,0.049,0.0048,0.0395,0.0585,2000
25,B,0.0,HC0,0.149,0.008,0.1334,0.1646,2000
25,B,0.0,HC1,0.1295,0.0075,0.1148,0.1442,2000
25,B,0.0,HC2,0.096,0.0066,0.0831,0.1089,2000
25,B,0.0,HC3,0.056,0.0051,0.0459,0.0661,2000
25,B,0.0,WB,0.0335,0.004,0.0256,0.0414,2000
25,B,1.0,OLS,0.3845,0.0109,0.3632,0.4058,2000
25,B,1.0,HC0,0.345,0.0106,0.3242,0.3658,2000
25,B,1.0,HC1,0.32,0.0104,0.2996,0.3404,2000
25,B,1.0,HC2,0.23,0.0094,0.2116,0.2484,2000
25,B,1.0,HC3,0.1085,0.007,0.0949,0.1221,2000
25,B,1.0,WB,0.055,0.0051,0.045,0.065,2000
25,B,3.0,OLS,0.4285,0.0111,0.4068,0.4502,2000
25,B,3.0,HC0,0.3545,0.0107,0.3335,0.3755,2000
25,B,3.0,HC1,0.332,0.0105,0.3114,0.3526,2000
25,B,3.0,HC2,0.239,0.0095,0.2203,0.2577,2000
25,B,3.0,HC3,0.1055,0.0069,0.092,0.119,2000
25,B,3.0,WB,0.063,0.0054,0.0524,0.0736,2000
25,C,0.0,OLS,0.0445,0.0046,0.0355,0.0535,2000
25,C,0.0,HC0,0.2675,0.0099,0.2481,0.2869,2000
25,C,0.0,HC1,0.2445,0.0096,0.2257,0.2633,2000
25,C,0.0,HC2,0.212,0.0091,0.1941,0.2299,2000
25,C,0.0,HC3,0.072,0.0058,0.0607,0.0833,2000
25,C,0.0,WB,0.094,0.0065,0.0812,0.1068,2000
25,C,1.0,OLS,0.121,0.0073,0.1067,0.1353,2000
25,C,1.0,HC0,0.311,0.0104,0.2907,0.3313,2000
25,C,1.0,HC1,0.2875,0.0101,0.2677,0.3073,2000
25,C,1.0,HC2,0.2405,0.0096,0.2218,0.2592,2000
25,C,1.0,HC3,0.092,0.0065,0.0793,0.1047,2000
25,C,1.0,WB,0.104,0.0068,0.0906,0.1174,2000
25,C,3.0,OLS,0.242,0.0096,0.2232,0.2608,2000
25,C,3.0,HC0,0.3435,0.0106,0.3227,0.3643,2000
25,C,3.0,HC1,0.3245,0.0105,0.304,0.345,2000
25,C,3.0,HC2,0.2695,0.0099,0.2501,0.2889,2000
25,C,3.0,HC3,0.102,0.0068,0.0887,0.1153,2000
25,C,3.0,WB,0.117,0.0072,0.1029,0.1311,2000
400,A,0.0,OLS,0.0445,0.0046,0.0355,0.0535,2000
400,A,0.0,HC0,0.0465,0.0047,0.0373,0.0557,2000
400,A,0.0,HC1,0.0455,0.0047,0.0364,0.0546,2000
400,A,0.0,HC2,0.045,0.0046,0.0359,0.0541,2000
400,A,0.0,HC3,0.044,0.0046,0.035,0.053,2000
400,A,0.0,WB,0.042,0.0045,0.0332,0.0508,2000
400,A,1.0,OLS,0.1575,0.0081,0.1415,0.1735,2000
400,A,1.0,HC0,0.0575,0.0052,0.0473,0.0677,2000
400,A,1.0,HC1,0.056,0.0051,0.0459,0.0661,2000
400,A,1.0,HC2,0.0555,0.0051,0.0455,0.0655,2000
400,A,1.0,HC3,0.054,0.0051,0.0441,0.0639,2000
400,A,1.0,WB,0.0455,0.0047,0.0364,0.0546,2000
400,A,3.0,OLS,0.1975,0.0089,0.1801,0.2149,2000
400,A,3.0,HC0,0.058,0.0052,0.0478,0.0682,2000
400,A,3.0,HC1,0.058,0.0052,0.0478,0.0682,2000
400,A,3.0,HC2,0.057,0.0052,0.0468,0.0672,2000
400,A,3.0,HC3,0.0525,0.005,0.0427,0.0623,2000
400,A,3.0,WB,0.0485,0.0048,0.0391,0.0579,2000
400,B,0.0,OLS,0.0575,0.0052,0.0473,0.0677,2000
400,B,0.0,HC0,0.081,0.0061,0.069,0.093,2000
400,B,0.0,HC1,0.08,0.0061,0.0681,0.0919,2000
400,B,0.0,HC2,0.069,0.0057,0.0579,0.0801,2000
400,B,0.0,HC3,0.063,0.0054,0.0524,0.0736,2000
400,B,0.0,WB,0.045,0.0046,0.0359,0.0541,2000
400,B,1.0,OLS,0.6625,0.0106,0.6418,0.6832,2000
400,B,1.0,HC0,0.1405,0.0078,0.1253,0.1557,2000
400,B,1.0,HC1,0.139,0.0077,0.1238,0.1542,2000
400,B,1.0,HC2,0.1005,0.0067,0.0873,0.1137,2000
400,B,1.0,HC3,0.0735,0.0058,0.0621,0.0849,2000
400,B,1.0,WB,0.044,0.0046,0.035,0.053,2000
400,B,3.0,OLS,0.6915,0.0103,0.6713,0.7117,2000
400,B,3.0,HC0,0.1405,0.0078,0.1253,0.1557,2000
400,B,3.0,HC1,0.138,0.0077,0.1229,0.1531,2000
400,B,3.0,HC2,0.1015,0.0068,0.0883,0.1147,2000
400,B,3.0,HC3,0.073,0.0058,0.0616,0.0844,2000
400,B,3.0,WB,0.045,0.0046,0.0359,0.0541,2000
400,C,0.0,OLS,0.0465,0.0047,0.0373,0.0557,2000
400,C,0.0,HC0,0.0585,0.0052,0.0482,0.0688,2000
400,C,0.0,HC1,0.057,0.0052,0.0468,0.0672,2000
400,C,0.0,HC2,0.0555,0.0051,0.0455,0.0655,2000
400,C,0.0,HC3,0.0535,0.005,0.0436,0.0634,2000
400,C,0.0,WB,0.0475,0.0048,0.0382,0.0568,2000
400,C,1.0,OLS,0.1275,0.0075,0.1129,0.1421,2000
400,C,1.0,HC0,0.059,0.0053,0.0487,0.0693,2000
400,C,1.0,HC1,0.0585,0.0052,0.0482,0.0688,2000
400,C,1.0,HC2,0.0565,0.0052,0.0464,0.0666,2000
400,C,1.0,HC3,0.054,0.0051,0.0441,0.0639,2000
400,C,1.0,WB,0.0435,0.0046,0.0346,0.0524,2000
400,C,3.0,OLS,0.234,0.0095,0.2154,0.2526,2000
400,C,3.0,HC0,0.0565,0.0052,0.0464,0.0666,2000
400,C,3.0,HC1,0.0565,0.0052,0.0464,0.0666,2000
400,C,3.0,HC2,0.0545,0.0051,0.0446,0.0644,2000
400,C,3.0,HC3,0.0505,0.0049,0.0409,0.0601,2000
400,C,3.0,WB,0.0425,0.0045,0.0337,0.0513,2000
50,A,0.0,OLS,0.0455,0.0047,0.0364,0.0546,2000
50,A,0.0,HC0,0.0605,0.0053,0.0501,0.0709,2000
50,A,0.0,HC1,0.0545,0.0051,0.0446,0.0644,2000
50,A,0.0,HC2,0.0515,0.0049,0.0418,0.0612,2000
50,A,0.0,HC3,0.0405,0.0044,0.0319,0.0491,2000
50,A,0.0,WB,0.038,0.0043,0.0296,0.0464,2000
50,A,1.0,OLS,0.14,0.0078,0.1248,0.1552,2000
50,A,1.0,HC0,0.0785,0.006,0.0667,0.0903,2000
50,A,1.0,HC1,0.071,0.0057,0.0597,0.0823,2000
50,A,1.0,HC2,0.063,0.0054,0.0524,0.0736,2000
50,A,1.0,HC3,0.047,0.0047,0.0377,0.0563,2000
50,A,1.0,WB,0.0385,0.0043,0.0301,0.0469,2000
50,A,3.0,OLS,0.184,0.0087,0.167,0.201,2000
50,A,3.0,HC0,0.08,0.0061,0.0681,0.0919,2000
50,A,3.0,HC1,0.0735,0.0058,0.0621,0.0849,2000
50,A,3.0,HC2,0.068,0.0056,0.057,0.079,2000
50,A,3.0,HC3,0.0535,0.005,0.0436,0.0634,2000
50,A,3.0,WB,0.038,0.0043,0.0296,0.0464,2000
50,B,0.0,OLS,0.0565,0.0052,0.0464,0.0666,2000
50,B,0.0,HC0,0.1295,0.0075,0.1148,0.1442,2000
50,B,0.0,HC1,0.1205,0.0073,0.1062,0.1348,2000
50,B,0.0,HC2,0.095,0.0066,0.0821,0.1079,2000
50,B,0.0,HC3,0.066,0.0056,0.0551,0.0769,2000
50,B,0.0,WB,0.0325,0.004,0.0247,0.0403,2000
50,B,1.0,OLS,0.479,0.0112,0.4571,0.5009,2000
50,B,1.0,HC0,0.2865,0.0101,0.2667,0.3063,2000
50,B,1.0,HC1,0.2705,0.0099,0.251,0.29,2000
50,B,1.0,HC2,0.197,0.0089,0.1796,0.2144,2000
50,B,1.0,HC3,0.1145,0.0071,0.1005,0.1285,2000
50,B,1.0,WB,0.0605,0.0053,0.0501,0.0709,2000
50,B,3.0,OLS,0.5235,0.0112,0.5016,0.5454,2000
50,B,3.0,HC0,0.2945,0.0102,0.2745,0.3145,2000
50,B,3.0,HC1,0.2795,0.01,0.2598,0.2992,2000
50,B,3.0,HC2,0.2,0.0089,0.1825,0.2175,2000
50,B,3.0,HC3,0.1175,0.0072,0.1034,0.1316,2000
50,B,3.0,WB,0.0635,0.0055,0.0528,0.0742,2000
50,C,0.0,OLS,0.046,0.0047,0.0368,0.0552,2000
50,C,0.0,HC0,0.153,0.008,0.1372,0.1688,2000
50,C,0.0,HC1,0.142,0.0078,0.1267,0.1573,2000
50,C,0.0,HC2,0.117,0.0072,0.1029,0.1311,2000
50,C,0.0,HC3,0.073,0.0058,0.0616,0.0844,2000
50,C,0.0,WB,0.0325,0.004,0.0247,0.0403,2000
50,C,1.0,OLS,0.119,0.0072,0.1048,0.1332,2000
50,C,1.0,HC0,0.167,0.0083,0.1507,0.1833,2000
50,C,1.0,HC1,0.159,0.0082,0.143,0.175,2000
50,C,1.0,HC2,0.1325,0.0076,0.1176,0.1474,2000
50,C,1.0,HC3,0.08,0.0061,0.0681,0.0919,2000
50,C,1.0,WB,0.0385,0.0043,0.0301,0.0469,2000
50,C,3.0,OLS,0.244,0.0096,0.2252,0.2628,2000
50,C,3.0,HC0,0.1775,0.0085,0.1608,0.1942,2000
50,C,3.0,HC1,0.1675,0.0083,0.1511,0.1839,2000
50,C,3.0,HC2,0.1395,0.0077,0.1243,0.1547,2000
50,C,3.0,HC3,0.0855,0.0063,0.0732,0.0978,2000
50,C,3.0,WB,0.051,0.0049,0.0414,0.0606,2000
