step,loss,lr,gnorm,tok_s,elapsed_s,split
1,167.1248,3.00e-06,23.42,603435,0.5,train
25,103.6209,7.50e-05,79.015,139993,2.2,train
50,39.8709,1.50e-04,10.178,77796,3.9,train
75,29.6815,2.25e-04,4.115,53784,5.7,train
100,25.1918,3.00e-04,3.029,41074,7.5,train
125,22.1855,3.00e-04,2.4,33202,9.3,train
150,20.3573,3.00e-04,2.124,27834,11.0,train
175,18.3071,2.99e-04,1.88,23916,12.8,train
200,16.6179,2.99e-04,1.684,20930,14.7,train
225,14.9466,2.98e-04,1.729,18585,16.5,train
250,13.9134,2.97e-04,1.399,16697,18.4,train
275,12.914,2.96e-04,1.296,15157,20.3,train
300,11.7531,2.95e-04,1.104,13870,22.1,train
325,10.7469,2.94e-04,1.078,12787,24.0,train
350,10.2985,2.93e-04,1.069,11855,25.9,train
375,9.5277,2.91e-04,1.095,11053,27.8,train
400,9.0291,2.90e-04,0.929,10350,29.7,train
425,8.7475,2.88e-04,0.921,9731,31.6,train
450,8.5119,2.86e-04,0.935,9184,33.4,train
475,8.2595,2.84e-04,0.862,8694,35.3,train
500,8.1749,2.82e-04,0.96,8254,37.2,train
525,7.9021,2.80e-04,1.165,7857,39.1,train
550,7.6986,2.77e-04,0.856,7496,41.0,train
575,7.5761,2.75e-04,0.938,7166,42.9,train
600,7.5601,2.72e-04,0.849,6863,44.8,train
625,7.6721,2.69e-04,0.804,6518,47.1,train
650,7.4467,2.66e-04,0.925,6254,49.1,train
675,7.4145,2.64e-04,0.92,6016,51.1,train
700,7.3166,2.60e-04,0.995,5781,53.1,train
725,7.4387,2.57e-04,0.778,5550,55.3,train
750,7.041,2.54e-04,0.872,5336,57.6,train
775,7.2074,2.51e-04,0.803,5138,59.8,train
800,7.2009,2.47e-04,0.755,4953,62.0,train
825,7.0279,2.44e-04,0.794,4781,64.2,train
850,7.0991,2.40e-04,0.846,4621,66.5,train
875,6.8825,2.36e-04,0.848,4472,68.7,train
900,7.1163,2.32e-04,0.816,4331,70.9,train
925,7.0887,2.29e-04,0.791,4196,73.2,train
950,7.0646,2.25e-04,0.847,4072,75.4,train
975,6.9913,2.21e-04,0.749,3953,77.7,train
1000,7.1271,2.17e-04,0.815,3844,79.9,train
1025,7.0376,2.13e-04,0.787,3740,82.1,train
1050,7.0289,2.08e-04,0.817,3641,84.4,train
1075,6.9588,2.04e-04,0.853,3548,86.6,train
1100,6.9454,2.00e-04,0.812,3459,88.8,train
1125,6.9396,1.96e-04,0.763,3374,91.0,train
1150,6.8738,1.91e-04,0.894,3293,93.3,train
1175,6.8594,1.87e-04,0.806,3215,95.5,train
1200,6.9545,1.83e-04,0.844,3140,97.8,train
1225,6.8441,1.78e-04,0.819,3069,100.1,train
1250,6.9235,1.74e-04,0.733,3003,102.3,train
1250,7.1664,,,,102.9,val
1275,6.8448,1.69e-04,0.717,2920,105.2,train
1300,6.7545,1.65e-04,0.789,2859,107.4,train
1325,6.8398,1.61e-04,0.819,2801,109.7,train
1350,6.7893,1.56e-04,0.712,2745,111.9,train
1375,6.6599,1.52e-04,0.755,2691,114.1,train
1400,6.8845,1.47e-04,0.767,2638,116.4,train
1425,6.8331,1.43e-04,0.768,2588,118.7,train
1450,6.6839,1.39e-04,0.824,2537,121.1,train
1475,6.9264,1.34e-04,0.773,2488,123.5,train
1500,6.8299,1.30e-04,0.818,2441,125.8,train
1525,6.6702,1.26e-04,0.772,2397,128.1,train
1550,6.4587,1.22e-04,0.8,2355,130.4,train
1575,6.5187,1.17e-04,0.779,2315,132.7,train
1600,6.7396,1.13e-04,0.745,2276,134.9,train
1625,6.635,1.09e-04,0.779,2238,137.2,train
1650,6.5681,1.05e-04,0.82,2202,139.5,train
1675,6.6626,1.01e-04,0.814,2167,141.7,train
1700,6.541,9.75e-05,0.904,2134,143.9,train
1725,6.7795,9.37e-05,0.731,2101,146.2,train
1750,6.6396,9.00e-05,0.755,2070,148.3,train
1775,6.4936,8.64e-05,0.754,2043,150.3,train
1800,6.63,8.28e-05,0.721,2018,152.2,train
1825,6.5712,7.94e-05,0.78,1992,154.2,train
1850,6.7243,7.60e-05,0.744,1966,156.2,train
1875,6.4554,7.27e-05,0.725,1942,158.1,train
1900,6.6843,6.95e-05,0.766,1915,160.4,train
1925,6.5567,6.65e-05,0.748,1889,162.6,train
1950,6.6933,6.35e-05,0.705,1867,164.5,train
1975,6.409,6.06e-05,0.716,1845,166.5,train
2000,6.5783,5.79e-05,0.736,1824,168.4,train
2025,6.5356,5.53e-05,0.786,1803,170.3,train
2050,6.4791,5.28e-05,0.862,1783,172.3,train
2075,6.6223,5.04e-05,0.779,1763,174.2,train
2100,6.4634,4.81e-05,0.761,1744,176.1,train
2125,6.5145,4.59e-05,0.717,1725,178.1,train
2150,6.4511,4.39e-05,0.779,1706,180.0,train
2175,6.6164,4.20e-05,0.748,1688,181.9,train
2200,6.3585,4.03e-05,0.891,1670,183.8,train
2225,6.6772,3.87e-05,0.73,1653,185.8,train
2250,6.5667,3.72e-05,0.75,1636,187.7,train
2275,6.5392,3.58e-05,0.786,1619,189.6,train
2300,6.4097,3.46e-05,0.717,1603,191.6,train
2325,6.6158,3.35e-05,0.735,1587,193.5,train
2350,6.3724,3.26e-05,0.747,1572,195.4,train
2375,6.5628,3.18e-05,0.732,1556,197.3,train
2400,6.4928,3.12e-05,0.787,1541,199.3,train
2425,6.3146,3.07e-05,0.712,1526,201.2,train
2450,6.6332,3.03e-05,0.722,1512,203.1,train
2475,6.3169,3.01e-05,0.73,1498,205.1,train
2500,6.4941,3.00e-05,0.711,1484,207.0,train
